Date,Open,High,Low,Close,Volume
2018-01-02,"10,02","10,07","9,91","10,01","314200,00"
2018-01-03,"10,05","10,32","9,96","10,22","261100,00"
2018-01-04,"10,29","10,43","10,06","10,16","306600,00"
2018-01-05,"10,13","10,37","10,06","10,37","4320600,00"
2018-01-08,"10,36","10,49","10,21","10,37","230400,00"
2018-01-09,"10,43","10,47","10,32","10,37","497700,00"
2018-01-10,"10,43","10,43","10,26","10,34","158800,00"
2018-01-11,"10,40","10,40","10,19","10,33","128500,00"
2018-01-12,"10,29","10,40","10,22","10,32","325100,00"
2018-01-15,"10,29","10,45","10,19","10,30","192300,00"
2018-01-16,"10,30","10,47","10,30","10,46","475300,00"
2018-01-17,"10,39","10,45","10,33","10,41","229800,00"
2018-01-18,"10,35","10,45","10,32","10,39","181500,00"
2018-01-19,"10,45","10,71","10,40","10,67","233900,00"
2018-01-22,"10,79","10,93","10,79","10,85","405100,00"
2018-01-23,"10,81","10,85","10,71","10,79","305300,00"
2018-01-24,"10,81","11,01","10,81","11,01","341100,00"
2018-01-26,"11,00","11,22","10,99","11,17","412300,00"
2018-01-29,"11,16","11,25","10,82","10,92","1851500,00"
2018-01-30,"10,97","10,97","10,73","10,81","207600,00"
2018-01-31,"10,80","10,92","10,76","10,79","441000,00"
2018-02-01,"10,78","10,97","10,78","10,82","305400,00"
2018-02-02,"10,78","10,83","10,60","10,70","229100,00"
2018-02-05,"10,71","10,71","10,50","10,51","352600,00"
2018-02-06,"10,46","10,49","10,15","10,16","261900,00"
2018-02-07,"10,22","10,37","9,82","9,86","400300,00"
2018-02-08,"9,85","10,10","9,78","10,02","935100,00"
2018-02-09,"10,09","10,09","9,82","9,90","817200,00"
2018-02-14,"9,97","10,10","9,97","10,03","316700,00"
2018-02-15,"10,03","10,07","9,92","9,96","353100,00"
2018-02-16,"9,96","10,01","9,88","9,97","665200,00"
2018-02-19,"10,00","10,01","9,91","9,94","257200,00"
2018-02-20,"9,94","10,44","9,91","10,39","514600,00"
2018-02-21,"10,42","10,42","10,16","10,29","315100,00"
2018-02-22,"10,50","10,62","10,46","10,56","490100,00"
2018-02-23,"10,56","10,72","10,47","10,57","508200,00"
2018-02-26,"10,58","10,79","10,41","10,50","539300,00"
2018-02-27,"10,54","10,55","10,35","10,45","326200,00"
2018-02-28,"10,51","10,51","10,09","10,14","422900,00"
2018-03-01,"10,13","10,27","10,11","10,12","416200,00"
2018-03-02,"10,20","10,22","10,03","10,07","511400,00"
2018-03-05,"10,07","10,12","9,93","10,00","579900,00"
2018-03-06,"10,01","10,19","10,01","10,07","553300,00"
2018-03-07,"10,07","10,07","9,92","10,01","640300,00"
2018-03-08,"10,10","10,10","9,89","9,92","337000,00"
2018-03-09,"9,89","9,98","9,81","9,84","329000,00"
2018-03-12,"9,85","10,00","9,85","9,96","150100,00"
2018-03-13,"10,00","10,00","9,76","9,89","229200,00"
2018-03-14,"9,95","9,95","9,68","9,76","198700,00"
2018-03-15,"9,76","9,86","9,70","9,84","512600,00"
2018-03-16,"9,88","10,01","9,76","9,91","416800,00"
2018-03-19,"9,87","9,90","9,82","9,88","366600,00"
2018-03-20,"9,86","9,91","9,77","9,84","814900,00"
2018-03-21,"9,87","9,87","9,71","9,77","559900,00"
2018-03-22,"9,79","10,06","9,65","9,65","254500,00"
2018-03-23,"9,63","9,69","9,51","9,63","268900,00"
2018-03-26,"9,63","9,68","9,51","9,61","261600,00"
2018-03-27,"9,66","9,75","9,50","9,61","836300,00"
2018-03-28,"9,59","9,59","9,40","9,54","386900,00"
2018-03-29,"9,49","9,58","9,41","9,56","264200,00"
2018-04-02,"9,56","9,56","9,33","9,43","297000,00"
2018-04-03,"9,55","9,72","9,46","9,68","303900,00"
2018-04-04,"9,63","9,89","9,61","9,82","422100,00"
2018-04-05,"9,89","10,05","9,85","9,99","307400,00"
2018-04-06,"9,99","10,07","9,72","9,85","423200,00"
2018-04-09,"9,85","9,89","9,59","9,64","257900,00"
2018-04-10,"9,66","9,82","9,56","9,77","335300,00"
2018-04-11,"9,69","9,79","9,59","9,63","456600,00"
2018-04-12,"9,62","9,94","9,56","9,87","536000,00"
2018-04-13,"9,87","10,04","9,81","9,92","222000,00"
2018-04-16,"10,00","10,21","9,81","9,84","219600,00"
2018-04-17,"9,95","10,34","9,95","10,17","409200,00"
2018-04-18,"10,17","10,67","10,17","10,47","542000,00"
2018-04-19,"10,38","10,68","10,38","10,62","481400,00"
2018-04-20,"10,73","10,73","10,54","10,60","246800,00"
2018-04-23,"10,58","10,91","10,47","10,60","865600,00"
2018-04-24,"10,63","10,68","10,59","10,60","207100,00"
2018-04-25,"10,55","10,65","10,48","10,52","386900,00"
2018-04-26,"10,48","10,67","10,46","10,63","537700,00"
2018-04-27,"10,62","10,75","10,56","10,64","438900,00"
2018-04-30,"10,64","10,67","10,58","10,62","411300,00"
2018-05-02,"10,59","10,59","10,26","10,34","625400,00"
2018-05-03,"10,34","10,62","10,24","10,33","480000,00"
2018-05-04,"10,30","10,57","10,30","10,34","946800,00"
2018-05-07,"10,38","10,48","9,93","9,93","356700,00"
2018-05-08,"10,02","10,19","9,99","10,11","357100,00"
2018-05-09,"10,11","10,18","10,05","10,12","538600,00"
2018-05-10,"10,22","10,68","10,22","10,49","1204200,00"
2018-05-11,"10,49","10,63","10,08","10,13","347100,00"
2018-05-14,"10,12","10,22","9,80","9,91","698900,00"
2018-05-15,"9,97","9,97","9,66","9,75","473600,00"
2018-05-16,"9,69","10,12","9,69","9,98","466100,00"
2018-05-17,"10,08","10,13","9,76","9,77","303900,00"
2018-05-18,"9,77","9,81","9,55","9,65","312900,00"
2018-05-21,"9,89","9,94","9,61","9,64","298700,00"
2018-05-22,"9,57","9,76","9,52","9,62","444200,00"
2018-05-23,"9,62","9,66","9,48","9,53","319000,00"
2018-05-24,"9,53","9,62","9,42","9,61","861100,00"
2018-05-25,"9,74","9,74","9,48","9,69","451400,00"
2018-05-28,"9,77","9,77","8,99","9,04","243300,00"
2018-05-29,"9,20","9,30","9,12","9,21","752500,00"
2018-05-30,"9,26","9,40","9,13","9,31","1766500,00"
2018-06-01,"9,55","9,57","9,32","9,48","453500,00"
2018-06-04,"9,57","9,65","9,36","9,62","524600,00"
2018-06-05,"9,52","9,62","9,37","9,37","397200,00"
2018-06-06,"9,40","9,40","9,07","9,29","301000,00"
2018-06-07,"9,07","9,15","8,85","9,04","829300,00"
2018-06-08,"9,14","9,23","9,01","9,16","767900,00"
2018-06-11,"9,19","9,20","9,04","9,10","352400,00"
2018-06-12,"9,13","9,17","8,96","9,08","705700,00"
2018-06-13,"9,10","9,28","9,03","9,16","635400,00"
2018-06-14,"9,23","9,26","9,03","9,06","755100,00"
2018-06-15,"9,09","9,23","9,04","9,21","2223400,00"
2018-06-18,"9,28","9,30","8,74","8,81","1543400,00"
2018-06-19,"8,68","8,91","8,68","8,79","816800,00"
2018-06-20,"8,90","9,06","8,86","8,99","460100,00"
2018-06-21,"9,02","9,13","8,90","9,01","813200,00"
2018-06-22,"9,02","9,08","8,90","8,96","593600,00"
2018-06-25,"8,96","9,06","8,86","8,86","257800,00"
2018-06-26,"8,99","9,28","8,99","9,22","2277200,00"
2018-06-27,"9,29","9,34","9,12","9,19","391100,00"
2018-06-28,"9,23","9,27","9,07","9,17","378700,00"
2018-06-29,"9,08","9,22","8,90","9,03","1261700,00"
2018-07-02,"9,01","9,08","8,81","8,96","173000,00"
2018-07-03,"9,07","9,19","9,01","9,08","228700,00"
2018-07-04,"9,09","9,23","9,06","9,13","64600,00"
2018-07-05,"9,22","9,29","9,13","9,23","941500,00"
2018-07-06,"9,16","9,30","9,12","9,18","484000,00"
2018-07-10,"9,18","9,38","9,16","9,36","343000,00"
2018-07-11,"9,35","9,36","9,25","9,29","439700,00"
2018-07-12,"9,29","9,37","9,26","9,32","211800,00"
2018-07-13,"9,36","9,49","9,31","9,38","278800,00"
2018-07-16,"9,38","9,48","9,27","9,38","303500,00"
2018-07-17,"9,38","9,66","9,34","9,66","460800,00"
2018-07-18,"9,63","9,81","9,62","9,75","430700,00"
2018-07-19,"9,71","9,74","9,61","9,71","216900,00"
2018-07-20,"9,80","9,94","9,80","9,90","291700,00"
2018-07-23,"9,82","10,01","9,78","9,93","219800,00"
2018-07-24,"9,93","10,16","9,93","10,02","430100,00"
2018-07-25,"10,03","10,40","10,03","10,33","312200,00"
2018-07-26,"10,32","10,33","10,11","10,14","547800,00"
2018-07-27,"10,14","10,29","10,12","10,14","358400,00"
2018-07-30,"10,24","10,39","10,14","10,24","351500,00"
2018-07-31,"10,22","10,22","9,78","9,78","1123100,00"
2018-08-01,"9,61","10,01","9,61","9,87","457600,00"
2018-08-02,"9,79","9,79","9,55","9,55","654100,00"
2018-08-03,"9,67","9,68","9,45","9,50","679100,00"
2018-08-06,"9,46","9,59","9,35","9,36","439500,00"
2018-08-07,"9,37","9,41","9,15","9,24","1339400,00"
2018-08-08,"9,21","9,51","9,20","9,23","706600,00"
2018-08-09,"9,22","9,42","9,04","9,31","598300,00"
2018-08-10,"9,29","9,29","9,03","9,16","466900,00"
2018-08-13,"9,16","9,28","9,04","9,18","212900,00"
2018-08-14,"9,24","9,41","9,19","9,35","260300,00"
2018-08-15,"9,20","9,34","9,16","9,29","220600,00"
2018-08-16,"9,30","9,33","9,17","9,17","269900,00"
2018-08-17,"9,16","9,22","9,06","9,13","143600,00"
2018-08-20,"9,16","9,24","9,06","9,16","268000,00"
2018-08-21,"9,10","9,15","8,80","8,97","263700,00"
2018-08-22,"8,95","9,53","8,88","9,20","610600,00"
2018-08-23,"9,20","9,26","8,81","8,99","687000,00"
2018-08-24,"9,09","9,16","8,89","8,90","620800,00"
2018-08-27,"8,90","9,21","8,90","9,15","197700,00"
2018-08-28,"9,21","9,25","8,96","9,15","255300,00"
2018-08-29,"9,07","9,13","8,96","8,96","416100,00"
2018-08-30,"8,97","8,97","8,74","8,79","385800,00"
2018-08-31,"8,78","8,87","8,75","8,84","375500,00"
2018-09-03,"8,80","8,83","8,65","8,65","143100,00"
2018-09-04,"8,66","8,76","8,64","8,66","519500,00"
2018-09-05,"8,66","8,77","8,61","8,73","270700,00"
2018-09-06,"8,75","8,78","8,36","8,49","1001300,00"
2018-09-10,"8,57","8,66","8,35","8,61","705600,00"
2018-09-11,"8,58","8,58","8,30","8,30","308400,00"
2018-09-12,"8,30","8,36","8,11","8,20","642600,00"
2018-09-13,"8,19","8,22","8,06","8,10","642200,00"
2018-09-14,"8,10","8,17","7,81","7,90","1039400,00"
2018-09-17,"7,80","8,06","7,75","8,03","4564400,00"
2018-09-18,"8,09","8,31","8,06","8,15","934300,00"
2018-09-19,"8,28","8,28","7,91","8,13","760900,00"
2018-09-20,"8,10","8,31","8,10","8,21","303300,00"
2018-09-21,"8,24","8,28","8,14","8,19","335100,00"
2018-09-24,"8,19","8,25","7,88","8,03","608000,00"
2018-09-25,"7,94","8,11","7,93","8,08","489800,00"
2018-09-26,"8,10","8,73","8,07","8,38","785400,00"
2018-09-27,"8,37","8,62","8,32","8,35","541500,00"
2018-09-28,"8,33","8,41","8,27","8,33","1081200,00"
2018-10-01,"8,36","8,41","8,28","8,36","820300,00"
2018-10-02,"8,40","8,57","8,27","8,46","547000,00"
2018-10-03,"8,59","8,82","8,49","8,58","370600,00"
2018-10-04,"8,60","8,63","8,32","8,41","446300,00"
2018-10-05,"8,54","8,55","8,31","8,35","507200,00"
2018-10-08,"8,66","8,80","8,54","8,59","205400,00"
2018-10-09,"8,59","8,72","8,50","8,51","351900,00"
2018-10-10,"8,51","8,51","8,22","8,33","377700,00"
2018-10-11,"8,33","8,58","8,25","8,33","566100,00"
2018-10-15,"8,29","8,37","8,02","8,11","565400,00"
2018-10-16,"8,10","8,19","8,04","8,09","1313400,00"
2018-10-17,"8,12","8,35","8,09","8,21","213800,00"
2018-10-18,"8,26","8,52","8,22","8,37","311000,00"
2018-10-19,"8,35","8,68","8,35","8,63","540900,00"
2018-10-22,"8,79","9,78","8,71","9,07","1449300,00"
2018-10-23,"9,04","9,04","8,42","8,46","1043500,00"
2018-10-24,"8,46","8,65","8,34","8,50","733500,00"
2018-10-25,"8,61","8,65","8,39","8,57","695100,00"
2018-10-26,"8,50","8,59","8,33","8,42","783600,00"
2018-10-29,"8,38","8,45","8,10","8,22","1577300,00"
2018-10-30,"8,18","8,56","8,11","8,47","639000,00"
2018-10-31,"8,35","8,51","8,17","8,33","940600,00"
2018-11-01,"8,45","8,93","8,33","8,82","651100,00"
2018-11-05,"8,94","8,94","8,55","8,71","1107800,00"
2018-11-06,"8,65","8,84","8,45","8,53","790600,00"
2018-11-07,"8,60","8,69","8,29","8,43","701700,00"
2018-11-08,"8,57","8,57","8,06","8,16","652600,00"
2018-11-09,"8,16","8,34","8,14","8,34","279500,00"
2018-11-12,"8,25","8,48","7,97","7,97","429400,00"
2018-11-13,"8,10","8,10","7,82","7,88","366200,00"
2018-11-14,"8,06","8,51","7,98","8,35","1119300,00"
2018-11-16,"8,56","8,59","8,35","8,50","270900,00"
2018-11-19,"8,56","8,81","8,41","8,65","963300,00"
2018-11-21,"8,65","8,76","8,44","8,54","1294200,00"
2018-11-22,"8,62","8,79","8,56","8,66","313600,00"
2018-11-23,"8,69","8,75","8,55","8,60","241600,00"
2018-11-26,"8,76","9,29","8,76","9,28","2203700,00"
2018-11-27,"9,29","9,39","9,14","9,33","912200,00"
2018-11-28,"9,42","9,69","9,28","9,69","995400,00"
2018-11-29,"9,62","9,91","9,59","9,72","1059700,00"
2018-11-30,"9,72","9,72","9,50","9,62","454000,00"
2018-12-03,"9,60","9,98","9,60","9,90","926100,00"
2018-12-04,"9,87","10,10","9,62","9,72","821100,00"
2018-12-05,"9,69","9,81","9,55","9,67","449800,00"
2018-12-06,"9,62","9,75","9,59","9,62","504700,00"
2018-12-07,"9,65","9,71","9,54","9,62","285500,00"
2018-12-10,"9,62","9,70","9,43","9,43","383100,00"
2018-12-11,"9,45","9,57","9,16","9,36","579500,00"
2018-12-12,"9,36","9,55","9,36","9,50","353300,00"
2018-12-13,"9,55","9,55","9,19","9,29","452500,00"
2018-12-14,"9,29","9,43","9,29","9,41","341600,00"
2018-12-17,"9,41","9,50","9,24","9,29","428000,00"
2018-12-18,"9,30","9,32","9,09","9,09","448100,00"
2018-12-19,"9,10","9,27","9,08","9,21","458500,00"
2018-12-20,"9,37","9,40","9,03","9,30","1040500,00"
2018-12-21,"9,42","9,42","8,96","8,96","641000,00"
2018-12-26,"8,97","9,11","8,81","9,07","221100,00"
2018-12-27,"9,21","9,22","8,92","8,93","190500,00"
2018-12-28,"9,03","9,10","8,88","9,01","343800,00"
2019-01-02,"8,99","9,55","8,98","9,51","796400,00"
2019-01-03,"9,63","9,73","9,47","9,73","765300,00"
2019-01-04,"9,73","10,12","9,50","10,00","516200,00"
2019-01-07,"10,11","10,12","9,56","9,78","558500,00"
2019-01-08,"9,73","9,83","9,38","9,38","938700,00"
2019-01-09,"9,48","10,05","9,37","9,74","823800,00"
2019-01-10,"9,66","10,02","9,66","9,92","846100,00"
2019-01-11,"9,81","10,12","9,81","10,02","459500,00"
2019-01-14,"9,93","10,59","9,93","10,31","1125700,00"
2019-01-15,"10,31","10,85","10,31","10,63","1148200,00"
2019-01-16,"10,60","10,72","10,52","10,52","478300,00"
2019-01-17,"10,57","10,94","10,45","10,79","1182900,00"
2019-01-18,"10,91","11,37","10,75","11,28","1110800,00"
2019-01-21,"11,28","11,29","10,89","11,05","647000,00"
2019-01-22,"11,05","11,32","10,95","11,23","1351800,00"
2019-01-23,"11,23","11,35","11,18","11,30","421200,00"
2019-01-24,"11,33","11,33","11,10","11,15","809700,00"
2019-01-28,"11,15","11,25","10,73","10,75","1059900,00"
2019-01-29,"10,86","10,95","10,62","10,88","2332500,00"
2019-01-30,"10,85","11,00","10,85","10,91","446500,00"
2019-01-31,"10,91","11,11","10,91","11,04","535400,00"
2019-02-01,"11,11","11,11","10,84","11,00","235500,00"
2019-02-04,"11,05","11,15","10,85","11,08","456300,00"
2019-02-05,"11,02","11,59","11,00","11,43","1096000,00"
2019-02-06,"11,43","11,51","11,19","11,19","881100,00"
2019-02-07,"11,13","11,42","10,75","10,86","990400,00"
2019-02-08,"10,86","11,03","10,67","10,72","576900,00"
2019-02-11,"10,72","10,96","10,66","10,75","604300,00"
2019-02-12,"10,72","10,84","10,45","10,45","540800,00"
2019-02-13,"10,55","10,63","10,38","10,55","802100,00"
2019-02-14,"10,66","11,12","10,53","10,81","654200,00"
2019-02-15,"10,69","11,13","10,65","11,07","411800,00"
2019-02-19,"11,32","11,32","11,03","11,13","684500,00"
2019-02-20,"11,27","11,45","11,02","11,40","889500,00"
2019-02-21,"11,30","11,51","11,03","11,12","619300,00"
2019-02-22,"11,24","11,42","11,08","11,25","200900,00"
2019-02-25,"11,17","11,56","11,17","11,42","514100,00"
2019-02-26,"11,42","11,74","11,42","11,65","1133600,00"
2019-02-27,"11,62","12,18","11,60","11,87","822800,00"
2019-02-28,"11,90","12,10","11,87","12,10","1258600,00"
2019-03-01,"12,13","12,48","12,06","12,24","2370300,00"
2019-03-06,"12,15","12,58","12,02","12,58","838100,00"
2019-03-07,"12,49","12,51","12,24","12,24","844000,00"
2019-03-08,"12,28","12,38","11,99","12,14","1104900,00"
2019-03-11,"12,27","12,57","12,02","12,07","1356900,00"
2019-03-12,"12,17","12,33","12,01","12,01","774000,00"
2019-03-13,"12,09","12,48","12,09","12,28","1113500,00"
2019-03-14,"12,28","12,73","12,23","12,56","847800,00"
2019-03-15,"12,60","12,67","12,32","12,32","1026500,00"
2019-03-18,"12,13","12,60","12,13","12,51","752000,00"
2019-03-19,"12,52","12,98","12,21","12,21","9441900,00"
2019-03-20,"12,31","12,53","12,02","12,25","1155800,00"
2019-03-21,"12,34","12,38","12,02","12,21","920100,00"
2019-03-22,"12,28","12,73","12,15","12,63","1674500,00"
2019-03-25,"12,61","12,63","12,41","12,61","849400,00"
2019-03-26,"12,63","12,95","12,41","12,95","1710600,00"
2019-03-27,"12,95","13,23","12,45","12,75","1874800,00"
2019-03-28,"12,65","13,11","12,54","13,08","686500,00"
2019-03-29,"13,13","13,27","12,87","13,08","1477900,00"
2019-04-01,"13,19","13,24","12,91","13,03","849900,00"
2019-04-02,"13,03","13,11","12,91","12,94","1606800,00"
2019-04-03,"12,99","13,41","12,99","13,35","1223400,00"
2019-04-04,"13,38","14,15","13,29","14,02","2022300,00"
2019-04-05,"14,00","14,02","13,70","13,81","1215600,00"
2019-04-08,"13,81","14,00","13,75","13,89","1781500,00"
2019-04-09,"13,84","13,99","13,75","13,85","1403500,00"
2019-04-10,"13,88","14,16","13,88","13,90","1701000,00"
2019-04-11,"13,97","14,32","13,79","13,99","1030200,00"
2019-04-12,"13,94","14,20","13,80","14,04","840200,00"
2019-04-15,"14,04","14,13","13,86","14,03","766600,00"
2019-04-16,"13,94","14,16","13,81","13,98","1448700,00"
2019-04-17,"14,04","14,22","13,91","14,07","1039700,00"
2019-04-18,"14,16","14,16","12,91","13,51","2944000,00"
2019-04-22,"13,52","13,89","13,52","13,81","719300,00"
2019-04-23,"13,81","14,41","13,75","14,20","1372000,00"
2019-04-24,"14,17","14,61","14,10","14,34","1314500,00"
2019-04-25,"14,39","14,57","14,15","14,36","1045700,00"
2019-04-26,"14,27","14,54","14,17","14,47","559300,00"
2019-04-29,"14,59","14,76","14,34","14,64","453900,00"
2019-04-30,"14,75","15,00","14,44","14,79","1120900,00"
2019-05-02,"14,83","14,83","14,48","14,62","685900,00"
2019-05-03,"14,50","14,50","13,94","14,10","1057300,00"
2019-05-06,"13,90","14,19","13,75","13,97","751600,00"
2019-05-07,"13,98","14,12","13,57","13,57","1088400,00"
2019-05-08,"13,61","13,89","13,02","13,11","1909700,00"
2019-05-09,"13,26","13,84","13,17","13,34","1650900,00"
2019-05-10,"13,52","13,91","13,52","13,72","1055900,00"
2019-05-13,"13,71","13,90","13,46","13,76","620800,00"
2019-05-14,"13,76","13,76","13,21","13,30","810700,00"
2019-05-15,"13,10","13,27","12,99","13,26","321700,00"
2019-05-16,"13,25","13,25","12,85","12,97","558000,00"
2019-05-17,"13,02","13,14","12,57","12,80","470000,00"
2019-05-20,"12,65","12,98","12,65","12,85","325500,00"
2019-05-21,"12,99","13,69","12,99","13,64","877000,00"
2019-05-22,"13,63","13,87","13,55","13,73","543600,00"
2019-05-23,"13,63","13,64","13,05","13,25","2784000,00"
2019-05-24,"13,30","13,53","13,16","13,30","708200,00"
2019-05-27,"13,30","13,36","13,10","13,30","509800,00"
2019-05-28,"13,29","13,46","13,17","13,32","1801800,00"
2019-05-29,"13,30","13,46","13,18","13,40","673600,00"
2019-05-30,"13,47","13,47","13,11","13,13","1299900,00"
2019-05-31,"13,17","13,27","13,00","13,13","995100,00"
2019-06-03,"13,14","13,21","12,71","13,01","1362200,00"
2019-06-04,"13,07","13,27","12,83","13,27","1183100,00"
2019-06-05,"13,33","13,80","13,30","13,55","1447400,00"
2019-06-06,"13,63","13,63","13,24","13,36","1274400,00"
2019-06-07,"13,40","13,65","13,37","13,65","1005400,00"
2019-06-10,"13,75","14,16","13,62","14,11","1178100,00"
2019-06-11,"14,18","14,30","14,01","14,28","1359800,00"
2019-06-12,"14,27","14,36","13,97","14,31","947400,00"
2019-06-13,"14,36","14,67","14,23","14,67","1384700,00"
2019-06-14,"14,71","15,06","14,47","15,06","1477000,00"
2019-06-17,"14,96","15,12","14,82","14,96","1482900,00"
2019-06-18,"15,19","15,24","14,70","14,88","1214000,00"
2019-06-19,"14,88","15,02","14,68","14,96","1266300,00"
2019-06-21,"14,90","14,90","14,46","14,46","2958700,00"
2019-06-24,"14,55","14,59","14,22","14,49","1209900,00"
2019-06-25,"14,40","14,40","14,17","14,19","1241000,00"
2019-06-26,"14,29","14,43","13,93","14,43","1128500,00"
2019-06-27,"14,36","14,52","14,17","14,50","1848800,00"
2019-06-28,"14,57","14,69","14,40","14,62","1708200,00"
2019-07-01,"14,62","14,65","14,47","14,53","884200,00"
2019-07-02,"14,53","15,04","14,53","15,03","2086500,00"
2019-07-03,"15,07","15,24","14,87","15,21","1723400,00"
2019-07-04,"15,21","15,53","15,13","15,53","2057100,00"
2019-07-05,"15,60","16,31","15,32","16,31","1962900,00"
2019-07-08,"16,29","16,29","15,84","16,19","1311500,00"
2019-07-10,"16,29","16,29","15,92","16,29","2764600,00"
2019-07-11,"16,31","16,48","16,04","16,48","1548600,00"
2019-07-12,"16,42","16,48","15,79","16,05","1677000,00"
2019-07-15,"16,05","16,05","15,64","15,87","1384700,00"
2019-07-16,"15,87","16,00","15,76","15,92","1942700,00"
2019-07-17,"16,06","16,06","15,73","16,00","994100,00"
2019-07-18,"16,00","16,00","15,71","15,76","1400600,00"
2019-07-19,"15,78","16,02","15,74","15,93","2757300,00"
2019-07-22,"16,03","16,24","15,74","15,96","716600,00"
2019-07-23,"15,96","16,00","15,78","16,00","1534700,00"
2019-07-24,"15,96","16,15","15,80","16,15","1494800,00"
2019-07-25,"16,09","16,19","15,93","16,04","1423700,00"
2019-07-26,"16,13","16,18","15,90","16,16","660400,00"
2019-07-29,"16,16","16,25","15,84","16,25","890800,00"
2019-07-30,"16,16","16,22","15,96","16,08","970200,00"
2019-07-31,"16,02","16,20","16,00","16,13","1187700,00"
2019-08-01,"16,08","16,59","16,03","16,35","1220400,00"
2019-08-02,"16,31","16,36","16,08","16,29","814900,00"
2019-08-05,"16,17","16,22","15,96","16,16","1005300,00"
2019-08-06,"16,14","16,49","16,08","16,28","1408100,00"
2019-08-07,"16,34","16,53","16,09","16,49","1251300,00"
2019-08-08,"17,01","17,91","17,01","17,79","6701700,00"
2019-08-09,"17,63","18,77","17,63","18,74","4041700,00"
2019-08-12,"18,65","18,65","17,93","18,26","1827900,00"
2019-08-13,"18,28","18,32","17,91","18,19","1575000,00"
2019-08-14,"17,99","18,20","17,81","18,13","1679800,00"
2019-08-15,"18,13","18,38","17,51","17,86","1833600,00"
2019-08-16,"17,99","18,01","17,43","17,72","1924900,00"
2019-08-19,"17,95","18,07","17,58","17,74","947000,00"
2019-08-20,"17,81","17,86","17,50","17,86","851700,00"
2019-08-21,"17,94","18,10","17,52","18,10","1084700,00"
2019-08-22,"18,29","18,29","17,63","17,72","725900,00"
2019-08-23,"17,92","17,92","17,24","17,75","1157900,00"
2019-08-26,"17,76","17,92","17,27","17,41","1220000,00"
2019-08-27,"17,96","17,96","17,02","17,29","1440600,00"
2019-08-28,"17,31","17,53","16,89","17,53","1863700,00"
2019-08-29,"17,62","17,80","17,32","17,69","1033200,00"
2019-08-30,"17,81","17,93","17,63","17,92","1678800,00"
2019-09-02,"18,05","18,36","17,82","17,96","857100,00"
2019-09-03,"17,95","18,09","17,24","17,49","1272000,00"
2019-09-04,"17,66","17,85","17,57","17,82","2048100,00"
2019-09-05,"17,86","18,02","17,73","17,92","863800,00"
2019-09-06,"17,92","17,92","17,46","17,76","603600,00"
2019-09-09,"17,66","17,74","16,64","16,93","1949000,00"
2019-09-10,"16,83","17,18","16,81","17,11","925500,00"
2019-09-11,"17,19","17,72","17,11","17,72","905700,00"
2019-09-12,"17,66","17,76","17,39","17,76","984300,00"
2019-09-13,"17,72","17,77","17,32","17,63","856200,00"
2019-09-16,"17,49","17,76","17,28","17,74","906200,00"
2019-09-17,"17,82","17,95","17,67","17,95","1195800,00"
2019-09-18,"17,95","18,07","17,75","18,02","592500,00"
2019-09-19,"18,07","18,55","17,99","18,49","1477300,00"
2019-09-20,"18,52","19,16","18,36","18,80","2466400,00"
2019-09-23,"18,80","19,30","18,80","18,95","2102200,00"
2019-09-24,"19,10","19,14","18,80","19,10","1198900,00"
2019-09-25,"19,10","19,10","18,62","18,83","1862500,00"
2019-09-26,"18,92","19,10","18,82","19,09","1607400,00"
2019-09-27,"19,13","19,37","18,95","19,29","1295900,00"
2019-09-30,"19,29","19,29","19,08","19,20","1147500,00"
2019-10-01,"19,12","19,44","19,08","19,44","1133200,00"
2019-10-02,"19,32","19,32","18,99","19,22","992800,00"
2019-10-03,"19,12","20,01","19,08","19,95","2488000,00"
2019-10-04,"20,07","20,35","19,64","19,78","2345300,00"
2019-10-07,"19,71","19,71","19,29","19,55","1129100,00"
2019-10-08,"19,62","19,84","19,40","19,52","1742200,00"
2019-10-09,"19,80","19,83","19,31","19,56","1972100,00"
2019-10-10,"19,70","19,83","18,93","19,23","1360400,00"
2019-10-11,"19,42","19,59","19,12","19,12","1960000,00"
2019-10-14,"19,14","19,25","18,91","19,09","1604700,00"
2019-10-15,"19,17","19,17","18,79","18,94","1124900,00"
2019-10-16,"18,98","18,98","18,67","18,95","1028200,00"
2019-10-17,"19,00","19,24","18,96","19,10","1230000,00"
2019-10-18,"19,14","19,17","18,67","18,90","1346200,00"
2019-10-21,"18,90","18,97","18,60","18,69","1057300,00"
2019-10-22,"18,69","19,02","18,67","19,02","3027200,00"
2019-10-23,"19,06","19,47","18,90","19,42","1426600,00"
2019-10-24,"19,49","19,51","18,97","19,29","1298700,00"
2019-10-25,"19,24","19,26","18,80","19,20","1149100,00"
2019-10-28,"19,28","19,38","19,01","19,38","908300,00"
2019-10-29,"20,08","20,64","19,71","20,62","3780900,00"
2019-10-30,"20,73","21,03","20,43","21,03","2322700,00"
2019-10-31,"20,99","21,00","20,70","20,71","1040400,00"
2019-11-01,"20,78","21,05","20,73","21,05","962300,00"
2019-11-04,"21,05","21,11","20,46","20,59","1099200,00"
2019-11-05,"20,73","20,73","19,85","19,92","1581500,00"
2019-11-06,"19,92","20,48","19,76","20,46","1483700,00"
2019-11-07,"20,63","20,68","20,16","20,31","1709300,00"
2019-11-08,"20,31","20,43","19,98","20,40","1317000,00"
2019-11-11,"20,13","20,79","20,13","20,68","1534300,00"
2019-11-12,"20,72","20,72","20,30","20,59","2163000,00"
2019-11-13,"20,39","20,74","20,39","20,52","2171100,00"
2019-11-14,"20,61","21,07","20,52","20,98","1512700,00"
2019-11-18,"21,02","21,43","20,76","21,40","2314900,00"
2019-11-19,"21,40","21,79","21,19","21,79","2289100,00"
2019-11-21,"21,77","22,15","21,68","22,15","2260500,00"
2019-11-22,"22,13","22,13","21,59","21,69","1284300,00"
2019-11-25,"21,81","21,81","21,50","21,76","780700,00"
2019-11-26,"21,90","21,90","21,27","21,63","1129700,00"
2019-11-27,"21,76","21,83","21,45","21,83","937800,00"
2019-11-28,"21,76","22,12","21,62","21,77","1010100,00"
2019-11-29,"21,79","21,81","21,09","21,51","1785900,00"
2019-12-02,"21,38","21,54","21,03","21,11","1377900,00"
2019-12-03,"21,23","21,23","20,62","20,78","1320300,00"
2019-12-04,"20,82","21,23","20,82","21,23","1527400,00"
2019-12-05,"21,23","21,38","21,08","21,38","954500,00"
2019-12-06,"21,39","21,77","21,19","21,75","1269100,00"
2019-12-09,"21,76","21,78","21,34","21,63","2133500,00"
2019-12-10,"21,62","21,70","21,25","21,56","1629900,00"
2019-12-11,"21,60","21,84","21,37","21,53","2246800,00"
2019-12-12,"21,61","22,43","21,61","22,28","1905600,00"
2019-12-13,"22,38","22,84","22,21","22,84","1164300,00"
2019-12-16,"22,94","23,10","22,39","22,61","1906700,00"
2019-12-17,"22,52","22,83","22,41","22,58","1177000,00"
2019-12-18,"22,49","22,78","22,49","22,51","1237100,00"
2019-12-19,"22,51","23,14","22,39","22,61","2222700,00"
2019-12-20,"22,61","22,93","22,33","22,76","1554800,00"
2019-12-23,"22,88","22,89","22,21","22,50","1346600,00"
2019-12-26,"22,47","22,55","22,25","22,28","1639400,00"
2019-12-27,"22,31","22,51","21,26","21,55","3391300,00"
2019-12-30,"21,92","22,03","21,10","21,46","3816000,00"